litmus-tests/atomics/mp-atomic2.lit	S16 executions=7 futures=4 outcomes=3 ub_kinds=1 future+registers=7 +memory=7 +reads=7 +ub=7 largest_future=3 within_future_max: registers+memory=3 +reads=3 +ub=3
litmus-tests/atomics/mp-atomic.lit	S16 executions=7 futures=4 outcomes=3 ub_kinds=1 future+registers=7 +memory=7 +reads=7 +ub=7 largest_future=3 within_future_max: registers+memory=3 +reads=3 +ub=3
litmus-tests/avoidoota/additional_nonlb.lit	S16 executions=701 futures=409 outcomes=199 ub_kinds=1 future+registers=701 +memory=701 +reads=701 +ub=701 largest_future=9 within_future_max: registers+memory=9 +reads=9 +ub=9
litmus-tests/avoidoota/additional_inventintload.lit	S16 executions=16 futures=8 outcomes=5 ub_kinds=1 future+registers=12 +memory=12 +reads=16 +ub=16 largest_future=5 within_future_max: registers+memory=3 +reads=5 +ub=5
litmus-tests/avoidoota/additional_twosource.lit	S16 executions=31 futures=22 outcomes=11 ub_kinds=1 future+registers=31 +memory=31 +reads=31 +ub=31 largest_future=4 within_future_max: registers+memory=4 +reads=4 +ub=4
litmus-tests/avoidoota/listing10.lit	S16 executions=2 futures=2 outcomes=2 ub_kinds=1 future+registers=2 +memory=2 +reads=2 +ub=2 largest_future=1 within_future_max: registers+memory=1 +reads=1 +ub=1
litmus-tests/avoidoota/listing11.lit	S16 executions=1 futures=1 outcomes=1 ub_kinds=1 future+registers=1 +memory=1 +reads=1 +ub=1 largest_future=1 within_future_max: registers+memory=1 +reads=1 +ub=1
litmus-tests/avoidoota/listing12.lit	S16 executions=323 futures=212 outcomes=68 ub_kinds=1 future+registers=323 +memory=323 +reads=323 +ub=323 largest_future=5 within_future_max: registers+memory=5 +reads=5 +ub=5
litmus-tests/avoidoota/listing13.lit	S16 executions=147 futures=108 outcomes=13 ub_kinds=1 future+registers=126 +memory=126 +reads=126 +ub=126 largest_future=4 within_future_max: registers+memory=2 +reads=2 +ub=2
litmus-tests/avoidoota/listing14.lit	S16 executions=303 futures=207 outcomes=81 ub_kinds=1 future+registers=303 +memory=303 +reads=303 +ub=303 largest_future=5 within_future_max: registers+memory=5 +reads=5 +ub=5
litmus-tests/avoidoota/listing16.lit	S16 executions=246 futures=190 outcomes=64 ub_kinds=1 future+registers=246 +memory=246 +reads=246 +ub=246 largest_future=4 within_future_max: registers+memory=4 +reads=4 +ub=4
litmus-tests/avoidoota/listing17.lit	S16 executions=139 futures=106 outcomes=30 ub_kinds=1 future+registers=139 +memory=139 +reads=139 +ub=139 largest_future=4 within_future_max: registers+memory=4 +reads=4 +ub=4
litmus-tests/avoidoota/listing18.lit	S16 executions=335 futures=215 outcomes=75 ub_kinds=1 future+registers=335 +memory=335 +reads=335 +ub=335 largest_future=7 within_future_max: registers+memory=7 +reads=7 +ub=7
litmus-tests/avoidoota/listing19.lit	S16 executions=60 futures=31 outcomes=15 ub_kinds=1 future+registers=60 +memory=60 +reads=60 +ub=60 largest_future=7 within_future_max: registers+memory=7 +reads=7 +ub=7
litmus-tests/avoidoota/listing1.lit	S16 executions=45 futures=35 outcomes=17 ub_kinds=1 future+registers=45 +memory=45 +reads=45 +ub=45 largest_future=3 within_future_max: registers+memory=3 +reads=3 +ub=3
litmus-tests/3.2W.lit	S16 executions=3375 futures=27 outcomes=343 ub_kinds=1 future+registers=3375 +memory=3375 +reads=3375 +ub=3375 largest_future=343 within_future_max: registers+memory=343 +reads=343 +ub=343
litmus-tests/avoidoota/listing20.lit	S16 executions=92 futures=68 outcomes=21 ub_kinds=1 future+registers=92 +memory=92 +reads=92 +ub=92 largest_future=3 within_future_max: registers+memory=3 +reads=3 +ub=3
litmus-tests/avoidoota/listing21.lit	S16 executions=50 futures=38 outcomes=13 ub_kinds=1 future+registers=50 +memory=50 +reads=50 +ub=50 largest_future=3 within_future_max: registers+memory=3 +reads=3 +ub=3
litmus-tests/avoidoota/listing22.lit	S16 executions=62 futures=44 outcomes=11 ub_kinds=1 future+registers=58 +memory=58 +reads=58 +ub=58 largest_future=3 within_future_max: registers+memory=3 +reads=3 +ub=3
litmus-tests/avoidoota/listing24.lit	S16 executions=118 futures=74 outcomes=28 ub_kinds=1 future+registers=114 +memory=114 +reads=114 +ub=114 largest_future=6 within_future_max: registers+memory=6 +reads=6 +ub=6
litmus-tests/avoidoota/listing23.lit	S16 executions=80 futures=55 outcomes=18 ub_kinds=1 future+registers=76 +memory=76 +reads=76 +ub=76 largest_future=4 within_future_max: registers+memory=4 +reads=4 +ub=4
litmus-tests/avoidoota/listing2_5.lit	S16 executions=31 futures=22 outcomes=11 ub_kinds=1 future+registers=31 +memory=31 +reads=31 +ub=31 largest_future=4 within_future_max: registers+memory=4 +reads=4 +ub=4
litmus-tests/avoidoota/listing25.lit	S16 executions=21 futures=17 outcomes=6 ub_kinds=1 future+registers=21 +memory=21 +reads=21 +ub=21 largest_future=2 within_future_max: registers+memory=2 +reads=2 +ub=2
litmus-tests/avoidoota/listing2_5pwg.lit	S16 executions=31 futures=22 outcomes=11 ub_kinds=1 future+registers=31 +memory=31 +reads=31 +ub=31 largest_future=4 within_future_max: registers+memory=4 +reads=4 +ub=4
litmus-tests/avoidoota/listing27_allow.lit	S16 executions=31 futures=22 outcomes=11 ub_kinds=1 future+registers=31 +memory=31 +reads=31 +ub=31 largest_future=4 within_future_max: registers+memory=4 +reads=4 +ub=4
litmus-tests/avoidoota/listing26.lit	S16 executions=45 futures=23 outcomes=12 ub_kinds=1 future+registers=45 +memory=45 +reads=45 +ub=45 largest_future=4 within_future_max: registers+memory=4 +reads=4 +ub=4
litmus-tests/avoidoota/listing27_forbid.lit	S16 executions=27 futures=21 outcomes=10 ub_kinds=1 future+registers=27 +memory=27 +reads=27 +ub=27 largest_future=3 within_future_max: registers+memory=3 +reads=3 +ub=3
litmus-tests/avoidoota/listing7.lit	S16 executions=3 futures=2 outcomes=2 ub_kinds=1 future+registers=3 +memory=3 +reads=3 +ub=3 largest_future=2 within_future_max: registers+memory=2 +reads=2 +ub=2
litmus-tests/avoidoota/listing3.lit	S16 executions=12 futures=8 outcomes=5 ub_kinds=1 future+registers=12 +memory=12 +reads=12 +ub=12 largest_future=3 within_future_max: registers+memory=3 +reads=3 +ub=3
litmus-tests/avoidoota/listing8.lit	S16 executions=3 futures=2 outcomes=2 ub_kinds=1 future+registers=3 +memory=3 +reads=3 +ub=3 largest_future=2 within_future_max: registers+memory=2 +reads=2 +ub=2
litmus-tests/basic/coproduct-exns.lit	S16 executions=1 futures=1 outcomes=1 ub_kinds=1 future+registers=1 +memory=1 +reads=1 +ub=1 largest_future=1 within_future_max: registers+memory=1 +reads=1 +ub=1
litmus-tests/avoidoota/listing9.lit	S16 executions=19 futures=1 outcomes=14 ub_kinds=1 future+registers=14 +memory=14 +reads=14 +ub=14 largest_future=19 within_future_max: registers+memory=14 +reads=14 +ub=14
litmus-tests/basic/lb.lit	S16 executions=31 futures=22 outcomes=11 ub_kinds=1 future+registers=31 +memory=31 +reads=31 +ub=31 largest_future=4 within_future_max: registers+memory=4 +reads=4 +ub=4
litmus-tests/basic.lit.lit	S16 executions=1 futures=1 outcomes=1 ub_kinds=1 future+registers=1 +memory=1 +reads=1 +ub=1 largest_future=1 within_future_max: registers+memory=1 +reads=1 +ub=1
litmus-tests/basic/par-comp.lit	S16 executions=1 futures=1 outcomes=1 ub_kinds=1 future+registers=1 +memory=1 +reads=1 +ub=1 largest_future=1 within_future_max: registers+memory=1 +reads=1 +ub=1
litmus-tests/basic/rw.lit	S16 executions=6 futures=6 outcomes=3 ub_kinds=1 future+registers=6 +memory=6 +reads=6 +ub=6 largest_future=1 within_future_max: registers+memory=1 +reads=1 +ub=1
litmus-tests/c20/rs-example.lit	S16 executions=44 futures=12 outcomes=9 ub_kinds=1 future+registers=44 +memory=44 +reads=44 +ub=44 largest_future=7 within_future_max: registers+memory=7 +reads=7 +ub=7
litmus-tests/esop_problem/lb+ctrldat+ctrl-single.lit	S16 executions=1 futures=1 outcomes=1 ub_kinds=1 future+registers=1 +memory=1 +reads=1 +ub=1 largest_future=1 within_future_max: registers+memory=1 +reads=1 +ub=1
litmus-tests/esop_problem/cse.lit	S16 executions=31 futures=25 outcomes=11 ub_kinds=1 future+registers=31 +memory=31 +reads=31 +ub=31 largest_future=3 within_future_max: registers+memory=3 +reads=3 +ub=3
litmus-tests/esop_problem/lb+ctrldata+ctrl-double.lit	S16 executions=12 futures=12 outcomes=5 ub_kinds=1 future+registers=12 +memory=12 +reads=12 +ub=12 largest_future=1 within_future_max: registers+memory=1 +reads=1 +ub=1
litmus-tests/esop_problem/lb+ctrldata+po.lit	S16 executions=12 futures=10 outcomes=5 ub_kinds=1 future+registers=12 +memory=12 +reads=12 +ub=12 largest_future=2 within_future_max: registers+memory=2 +reads=2 +ub=2
litmus-tests/esop_problem/lb+datas.lit	S16 executions=45 futures=35 outcomes=17 ub_kinds=1 future+registers=45 +memory=45 +reads=45 +ub=45 largest_future=3 within_future_max: registers+memory=3 +reads=3 +ub=3
litmus-tests/esop_problem/lb.lit	S16 executions=25 futures=16 outcomes=9 ub_kinds=1 future+registers=25 +memory=25 +reads=25 +ub=25 largest_future=4 within_future_max: registers+memory=4 +reads=4 +ub=4
litmus-tests/esop_problem/mp.lit	S16 executions=9 futures=4 outcomes=4 ub_kinds=1 future+registers=9 +memory=9 +reads=9 +ub=9 largest_future=4 within_future_max: registers+memory=4 +reads=4 +ub=4
litmus-tests/esop_problem/sb.lit	S16 executions=9 futures=4 outcomes=4 ub_kinds=1 future+registers=9 +memory=9 +reads=9 +ub=9 largest_future=4 within_future_max: registers+memory=4 +reads=4 +ub=4
litmus-tests/fowm2024/load intro - potential aliasing.lit	S16 executions=1 futures=1 outcomes=1 ub_kinds=1 future+registers=1 +memory=1 +reads=1 +ub=1 largest_future=1 within_future_max: registers+memory=1 +reads=1 +ub=1
litmus-tests/fowm2024/load intro - no aliasing.lit	S16 executions=1 futures=1 outcomes=1 ub_kinds=1 future+registers=1 +memory=1 +reads=1 +ub=1 largest_future=1 within_future_max: registers+memory=1 +reads=1 +ub=1
litmus-tests/fowm2024/nullptr - no use.lit	S16 executions=1 futures=1 outcomes=1 ub_kinds=1 future+registers=1 +memory=1 +reads=1 +ub=1 largest_future=1 within_future_max: registers+memory=1 +reads=1 +ub=1
litmus-tests/fowm2024/nullptr - use.lit	S16 executions=1 futures=1 outcomes=1 ub_kinds=1 future+registers=1 +memory=1 +reads=1 +ub=1 largest_future=1 within_future_max: registers+memory=1 +reads=1 +ub=1
litmus-tests/fwd/ra/lift_rel.lit	S16 executions=7 futures=7 outcomes=3 ub_kinds=1 future+registers=7 +memory=7 +reads=7 +ub=7 largest_future=1 within_future_max: registers+memory=1 +reads=1 +ub=1
litmus-tests/fwd/ra/lift_relrel.lit	S16 executions=7 futures=7 outcomes=3 ub_kinds=1 future+registers=7 +memory=7 +reads=7 +ub=7 largest_future=1 within_future_max: registers+memory=1 +reads=1 +ub=1
litmus-tests/fwd/rlx/lift_F1w.lit	S16 executions=14 futures=14 outcomes=7 ub_kinds=1 future+registers=14 +memory=14 +reads=14 +ub=14 largest_future=1 within_future_max: registers+memory=1 +reads=1 +ub=1
litmus-tests/fwd/rlx/lift_F1r.lit	S16 executions=24 futures=24 outcomes=10 ub_kinds=1 future+registers=24 +memory=24 +reads=24 +ub=24 largest_future=1 within_future_max: registers+memory=1 +reads=1 +ub=1
litmus-tests/fwd/rlx/lift_F1wr.lit	S16 executions=16 futures=16 outcomes=5 ub_kinds=1 future+registers=16 +memory=16 +reads=16 +ub=16 largest_future=1 within_future_max: registers+memory=1 +reads=1 +ub=1
litmus-tests/fwd/rlx/lift_F2w.lit	S16 executions=12 futures=12 outcomes=5 ub_kinds=1 future+registers=12 +memory=12 +reads=12 +ub=12 largest_future=1 within_future_max: registers+memory=1 +reads=1 +ub=1
litmus-tests/fwd/rlx/lift.lit	S16 executions=12 futures=12 outcomes=5 ub_kinds=1 future+registers=12 +memory=12 +reads=12 +ub=12 largest_future=1 within_future_max: registers+memory=1 +reads=1 +ub=1
litmus-tests/imm/FADD RMW Atomicity.lit	S16 executions=11 futures=5 outcomes=5 ub_kinds=1 future+registers=11 +memory=11 +reads=11 +ub=11 largest_future=3 within_future_max: registers+memory=3 +reads=3 +ub=3
litmus-tests/imm/LB+falsedep+Fsc.lit	S16 executions=16 futures=12 outcomes=10 ub_kinds=1 future+registers=16 +memory=16 +reads=16 +ub=16 largest_future=3 within_future_max: registers+memory=3 +reads=3 +ub=3
litmus-tests/ISO/1-MP.lit	S16 executions=8 futures=6 outcomes=3 ub_kinds=1 future+registers=8 +memory=8 +reads=8 +ub=8 largest_future=2 within_future_max: registers+memory=2 +reads=2 +ub=2
litmus-tests/ISO/2-MP+rel+acq.lit	S16 executions=6 futures=6 outcomes=2 ub_kinds=1 future+registers=6 +memory=6 +reads=6 +ub=6 largest_future=1 within_future_max: registers+memory=1 +reads=1 +ub=1
litmus-tests/avoidoota/listing15.lit	S16 executions=1083 futures=675 outcomes=160 ub_kinds=1 future+registers=1083 +memory=1083 +reads=1083 +ub=1083 largest_future=9 within_future_max: registers+memory=9 +reads=9 +ub=9
litmus-tests/ISO/3-LB.lit	S16 executions=25 futures=16 outcomes=9 ub_kinds=1 future+registers=25 +memory=25 +reads=25 +ub=25 largest_future=4 within_future_max: registers+memory=4 +reads=4 +ub=4
litmus-tests/ISO/4-LB+deps.lit	S16 executions=45 futures=35 outcomes=17 ub_kinds=1 future+registers=45 +memory=45 +reads=45 +ub=45 largest_future=3 within_future_max: registers+memory=3 +reads=3 +ub=3
litmus-tests/ISO/5-LB+false-dep.lit	S16 executions=31 futures=25 outcomes=11 ub_kinds=1 future+registers=31 +memory=31 +reads=31 +ub=31 largest_future=3 within_future_max: registers+memory=3 +reads=3 +ub=3
litmus-tests/MP/MP+rel+acq.lit	S16 executions=7 futures=4 outcomes=3 ub_kinds=1 future+registers=7 +memory=7 +reads=7 +ub=7 largest_future=3 within_future_max: registers+memory=3 +reads=3 +ub=3
litmus-tests/MP/MP.lit	S16 executions=9 futures=4 outcomes=4 ub_kinds=1 future+registers=9 +memory=9 +reads=9 +ub=9 largest_future=4 within_future_max: registers+memory=4 +reads=4 +ub=4
litmus-tests/on_thin_air_reads19/ex3.5.lit	S16 executions=14 futures=10 outcomes=6 ub_kinds=1 future+registers=14 +memory=14 +reads=14 +ub=14 largest_future=3 within_future_max: registers+memory=3 +reads=3 +ub=3
litmus-tests/on_thin_air_reads19/P1.lit	S16 executions=45 futures=35 outcomes=17 ub_kinds=1 future+registers=45 +memory=45 +reads=45 +ub=45 largest_future=3 within_future_max: registers+memory=3 +reads=3 +ub=3
litmus-tests/on_thin_air_reads19/P2.lit	S16 executions=25 futures=16 outcomes=9 ub_kinds=1 future+registers=25 +memory=25 +reads=25 +ub=25 largest_future=4 within_future_max: registers+memory=4 +reads=4 +ub=4
litmus-tests/on_thin_air_reads19/P3.lit	S16 executions=31 futures=22 outcomes=11 ub_kinds=1 future+registers=31 +memory=31 +reads=31 +ub=31 largest_future=4 within_future_max: registers+memory=4 +reads=4 +ub=4
litmus-tests/on_thin_air_reads19/P4.lit	S16 executions=18 futures=11 outcomes=7 ub_kinds=1 future+registers=18 +memory=18 +reads=18 +ub=18 largest_future=4 within_future_max: registers+memory=4 +reads=4 +ub=4
litmus-tests/on_thin_air_reads19/P6.lit	S16 executions=13 futures=11 outcomes=4 ub_kinds=1 future+registers=13 +memory=13 +reads=13 +ub=13 largest_future=2 within_future_max: registers+memory=2 +reads=2 +ub=2
litmus-tests/on_thin_air_reads19/s5.3.2.lit	S16 executions=53 futures=34 outcomes=25 ub_kinds=1 future+registers=53 +memory=53 +reads=53 +ub=53 largest_future=4 within_future_max: registers+memory=4 +reads=4 +ub=4
litmus-tests/on_thin_air_reads19/TC9a.lit	S16 executions=27 futures=23 outcomes=13 ub_kinds=1 future+registers=27 +memory=27 +reads=27 +ub=27 largest_future=3 within_future_max: registers+memory=3 +reads=3 +ub=3
litmus-tests/on_thin_air_reads19/TC7.lit	S16 executions=136 futures=116 outcomes=24 ub_kinds=1 future+registers=136 +memory=136 +reads=136 +ub=136 largest_future=2 within_future_max: registers+memory=2 +reads=2 +ub=2
litmus-tests/opts/store-forward.lit	S16 executions=45 futures=35 outcomes=17 ub_kinds=1 future+registers=45 +memory=45 +reads=45 +ub=45 largest_future=3 within_future_max: registers+memory=3 +reads=3 +ub=3
litmus-tests/own/atloc-alias.lit	S16 executions=4 futures=3 outcomes=3 ub_kinds=1 future+registers=4 +memory=4 +reads=4 +ub=4 largest_future=2 within_future_max: registers+memory=2 +reads=2 +ub=2
litmus-tests/own/atloc-final-value.lit	S16 executions=2 futures=2 outcomes=1 ub_kinds=1 future+registers=2 +memory=2 +reads=2 +ub=2 largest_future=1 within_future_max: registers+memory=1 +reads=1 +ub=1
litmus-tests/own/atloc-noalias.lit	S16 executions=4 futures=3 outcomes=3 ub_kinds=1 future+registers=4 +memory=4 +reads=4 +ub=4 largest_future=2 within_future_max: registers+memory=2 +reads=2 +ub=2
litmus-tests/own/atloc-unwritten.lit	S16 executions=2 futures=2 outcomes=1 ub_kinds=1 future+registers=2 +memory=2 +reads=2 +ub=2 largest_future=1 within_future_max: registers+memory=1 +reads=1 +ub=1
litmus-tests/own/coproductReorder.lit	S16 executions=3 futures=3 outcomes=2 ub_kinds=1 future+registers=3 +memory=3 +reads=3 +ub=3 largest_future=1 within_future_max: registers+memory=1 +reads=1 +ub=1
litmus-tests/own/co-witness-exported.lit	S16 executions=8 futures=4 outcomes=3 ub_kinds=1 future+registers=8 +memory=8 +reads=8 +ub=8 largest_future=3 within_future_max: registers+memory=3 +reads=3 +ub=3
litmus-tests/own/co-witness-respects-po.lit	S16 executions=8 futures=4 outcomes=3 ub_kinds=1 future+registers=8 +memory=8 +reads=8 +ub=8 largest_future=3 within_future_max: registers+memory=3 +reads=3 +ub=3
litmus-tests/own/ctrl_subsumed_by_data.lit	S16 executions=3 futures=3 outcomes=3 ub_kinds=1 future+registers=3 +memory=3 +reads=3 +ub=3 largest_future=1 within_future_max: registers+memory=1 +reads=1 +ub=1
litmus-tests/own/DOMAIN.lit	S16 executions=1 futures=1 outcomes=1 ub_kinds=1 future+registers=1 +memory=1 +reads=1 +ub=1 largest_future=1 within_future_max: registers+memory=1 +reads=1 +ub=1
litmus-tests/own/expressionPreservingSubstitution.lit	S16 executions=2 futures=2 outcomes=2 ub_kinds=1 future+registers=2 +memory=2 +reads=2 +ub=2 largest_future=1 within_future_max: registers+memory=1 +reads=1 +ub=1
litmus-tests/own/FreeRace2.lit	S16 executions=3 futures=3 outcomes=2 ub_kinds=1 future+registers=3 +memory=3 +reads=3 +ub=3 largest_future=1 within_future_max: registers+memory=1 +reads=1 +ub=1
litmus-tests/own/elideanddontobserve.lit	S16 executions=47 futures=18 outcomes=20 ub_kinds=1 future+registers=47 +memory=47 +reads=47 +ub=47 largest_future=6 within_future_max: registers+memory=6 +reads=6 +ub=6
litmus-tests/own/FreeRace.lit	S16 executions=3 futures=3 outcomes=2 ub_kinds=2 future+registers=3 +memory=3 +reads=3 +ub=3 largest_future=1 within_future_max: registers+memory=1 +reads=1 +ub=1
litmus-tests/own/JCTC12.lit	S16 executions=8 futures=1 outcomes=7 ub_kinds=1 future+registers=7 +memory=7 +reads=7 +ub=7 largest_future=8 within_future_max: registers+memory=7 +reads=7 +ub=7
litmus-tests/own/join-continuation.lit	S16 executions=12 futures=12 outcomes=7 ub_kinds=1 future+registers=12 +memory=12 +reads=12 +ub=12 largest_future=1 within_future_max: registers+memory=1 +reads=1 +ub=1
litmus-tests/own/LB+deps+const-smrd.lit	S16 executions=1 futures=1 outcomes=1 ub_kinds=1 future+registers=1 +memory=1 +reads=1 +ub=1 largest_future=1 within_future_max: registers+memory=1 +reads=1 +ub=1
litmus-tests/own/LB+deps-smrd.lit	S16 executions=1 futures=1 outcomes=1 ub_kinds=1 future+registers=1 +memory=1 +reads=1 +ub=1 largest_future=1 within_future_max: registers+memory=1 +reads=1 +ub=1
litmus-tests/own/nonatomic-store-no-sync.lit	S16 executions=9 futures=4 outcomes=4 ub_kinds=1 future+registers=9 +memory=9 +reads=9 +ub=9 largest_future=4 within_future_max: registers+memory=4 +reads=4 +ub=4
litmus-tests/own/nonatomic-store-no-sync-relaxed.lit	S16 executions=7 futures=4 outcomes=3 ub_kinds=1 future+registers=7 +memory=7 +reads=7 +ub=7 largest_future=3 within_future_max: registers+memory=3 +reads=3 +ub=3
litmus-tests/own/LF.lit	S16 executions=7 futures=7 outcomes=6 ub_kinds=1 future+registers=7 +memory=7 +reads=7 +ub=7 largest_future=1 within_future_max: registers+memory=1 +reads=1 +ub=1
litmus-tests/own/OOTA7.lit	S16 executions=7 futures=6 outcomes=5 ub_kinds=1 future+registers=7 +memory=7 +reads=7 +ub=7 largest_future=2 within_future_max: registers+memory=2 +reads=2 +ub=2
litmus-tests/own/oota-direct-reuse.lit	S16 executions=139 futures=106 outcomes=30 ub_kinds=1 future+registers=139 +memory=139 +reads=139 +ub=139 largest_future=4 within_future_max: registers+memory=4 +reads=4 +ub=4
litmus-tests/own/oota-forwarded-reread.lit	S16 executions=246 futures=190 outcomes=64 ub_kinds=1 future+registers=246 +memory=246 +reads=246 +ub=246 largest_future=4 within_future_max: registers+memory=4 +reads=4 +ub=4
litmus-tests/own/ORI.lit	S16 executions=48 futures=36 outcomes=9 ub_kinds=1 future+registers=48 +memory=48 +reads=48 +ub=48 largest_future=3 within_future_max: registers+memory=3 +reads=3 +ub=3
litmus-tests/own/paper108.lit	S16 executions=3 futures=3 outcomes=3 ub_kinds=1 future+registers=3 +memory=3 +reads=3 +ub=3 largest_future=1 within_future_max: registers+memory=1 +reads=1 +ub=1
litmus-tests/own/paper109.lit	S16 executions=2 futures=2 outcomes=2 ub_kinds=1 future+registers=2 +memory=2 +reads=2 +ub=2 largest_future=1 within_future_max: registers+memory=1 +reads=1 +ub=1
litmus-tests/own/paper112F.lit	S16 executions=2 futures=2 outcomes=2 ub_kinds=1 future+registers=2 +memory=2 +reads=2 +ub=2 largest_future=1 within_future_max: registers+memory=1 +reads=1 +ub=1
litmus-tests/own/paper113.lit	S16 executions=2 futures=2 outcomes=2 ub_kinds=1 future+registers=2 +memory=2 +reads=2 +ub=2 largest_future=1 within_future_max: registers+memory=1 +reads=1 +ub=1
litmus-tests/own/paper115.lit	S16 executions=4 futures=4 outcomes=4 ub_kinds=1 future+registers=4 +memory=4 +reads=4 +ub=4 largest_future=1 within_future_max: registers+memory=1 +reads=1 +ub=1
litmus-tests/own/ptr-overwrite-coherence.lit	S16 executions=1 futures=1 outcomes=1 ub_kinds=1 future+registers=1 +memory=1 +reads=1 +ub=1 largest_future=1 within_future_max: registers+memory=1 +reads=1 +ub=1
litmus-tests/own/relaxed-store-elided.lit	S16 executions=8 futures=8 outcomes=2 ub_kinds=1 future+registers=8 +memory=8 +reads=8 +ub=8 largest_future=1 within_future_max: registers+memory=1 +reads=1 +ub=1
litmus-tests/own/ORI2.lit	S16 executions=48 futures=36 outcomes=9 ub_kinds=1 future+registers=48 +memory=48 +reads=48 +ub=48 largest_future=3 within_future_max: registers+memory=3 +reads=3 +ub=3
litmus-tests/own/SB+sc.lit	S16 executions=7 futures=3 outcomes=3 ub_kinds=1 future+registers=7 +memory=7 +reads=7 +ub=7 largest_future=3 within_future_max: registers+memory=3 +reads=3 +ub=3
litmus-tests/own/sync/fence0lift.lit	S16 executions=12 futures=10 outcomes=5 ub_kinds=1 future+registers=12 +memory=12 +reads=12 +ub=12 largest_future=2 within_future_max: registers+memory=2 +reads=2 +ub=2
litmus-tests/own/sync/fence1lift.lit	S16 executions=6 futures=6 outcomes=4 ub_kinds=1 future+registers=6 +memory=6 +reads=6 +ub=6 largest_future=1 within_future_max: registers+memory=1 +reads=1 +ub=1
litmus-tests/own/speculative_optimisation.lit	S16 executions=31 futures=25 outcomes=11 ub_kinds=1 future+registers=31 +memory=31 +reads=31 +ub=31 largest_future=3 within_future_max: registers+memory=3 +reads=3 +ub=3
litmus-tests/own/sync/fence2lift.lit	S16 executions=4 futures=4 outcomes=4 ub_kinds=1 future+registers=4 +memory=4 +reads=4 +ub=4 largest_future=1 within_future_max: registers+memory=1 +reads=1 +ub=1
litmus-tests/own/sync/rel2lift.lit	S16 executions=3 futures=3 outcomes=2 ub_kinds=1 future+registers=3 +memory=3 +reads=3 +ub=3 largest_future=1 within_future_max: registers+memory=1 +reads=1 +ub=1
litmus-tests/own/sync/rel1lift.lit	S16 executions=3 futures=3 outcomes=2 ub_kinds=1 future+registers=3 +memory=3 +reads=3 +ub=3 largest_future=1 within_future_max: registers+memory=1 +reads=1 +ub=1
litmus-tests/own/VA-unrelated-guard+const-smrd.lit	S16 executions=1 futures=1 outcomes=1 ub_kinds=1 future+registers=1 +memory=1 +reads=1 +ub=1 largest_future=1 within_future_max: registers+memory=1 +reads=1 +ub=1
litmus-tests/own/sync/writeElisionRel.lit	S16 executions=8 futures=7 outcomes=3 ub_kinds=1 future+registers=8 +memory=8 +reads=8 +ub=8 largest_future=2 within_future_max: registers+memory=2 +reads=2 +ub=2
litmus-tests/own/sync/writeElision.lit	S16 executions=22 futures=20 outcomes=7 ub_kinds=1 future+registers=22 +memory=22 +reads=22 +ub=22 largest_future=2 within_future_max: registers+memory=2 +reads=2 +ub=2
litmus-tests/own/volatile-store-not-elided.lit	S16 executions=1 futures=1 outcomes=1 ub_kinds=1 future+registers=1 +memory=1 +reads=1 +ub=1 largest_future=1 within_future_max: registers+memory=1 +reads=1 +ub=1
litmus-tests/own/VRA-JCTC1.lit	S16 executions=31 futures=22 outcomes=11 ub_kinds=1 future+registers=31 +memory=31 +reads=31 +ub=31 largest_future=4 within_future_max: registers+memory=4 +reads=4 +ub=4
litmus-tests/own/VA-unrelated-guard-smrd.lit	S16 executions=1 futures=1 outcomes=1 ub_kinds=1 future+registers=1 +memory=1 +reads=1 +ub=1 largest_future=1 within_future_max: registers+memory=1 +reads=1 +ub=1
litmus-tests/pldi_repairing/IRIW+acq+sc.lit	S16 executions=23 futures=3 outcomes=15 ub_kinds=1 future+registers=23 +memory=23 +reads=23 +ub=23 largest_future=15 within_future_max: registers+memory=15 +reads=15 +ub=15
litmus-tests/pldi_repairing/LB+deps.lit	S16 executions=1 futures=1 outcomes=1 ub_kinds=1 future+registers=1 +memory=1 +reads=1 +ub=1 largest_future=1 within_future_max: registers+memory=1 +reads=1 +ub=1
litmus-tests/pldi_repairing/LB.lit	S16 executions=21 futures=15 outcomes=8 ub_kinds=1 future+registers=21 +memory=21 +reads=21 +ub=21 largest_future=3 within_future_max: registers+memory=3 +reads=3 +ub=3
litmus-tests/pldi_repairing/RWC+syncs.lit	S16 executions=14 futures=4 outcomes=7 ub_kinds=1 future+registers=14 +memory=14 +reads=14 +ub=14 largest_future=7 within_future_max: registers+memory=7 +reads=7 +ub=7
litmus-tests/pldi_repairing/W+WRC.lit	S16 executions=25 futures=8 outcomes=7 ub_kinds=1 future+registers=25 +memory=25 +reads=25 +ub=25 largest_future=7 within_future_max: registers+memory=7 +reads=7 +ub=7
litmus-tests/popl_bridging/FADD Example.lit	S16 executions=57 futures=8 outcomes=16 ub_kinds=1 future+registers=57 +memory=57 +reads=57 +ub=57 largest_future=16 within_future_max: registers+memory=16 +reads=16 +ub=16
litmus-tests/popl_bridging/IRIW+Fsc+Fsc.lit	S16 executions=23 futures=3 outcomes=15 ub_kinds=1 future+registers=23 +memory=23 +reads=23 +ub=23 largest_future=15 within_future_max: registers+memory=15 +reads=15 +ub=15
litmus-tests/popl_bridging/LB.lit	S16 executions=31 futures=22 outcomes=11 ub_kinds=1 future+registers=31 +memory=31 +reads=31 +ub=31 largest_future=4 within_future_max: registers+memory=4 +reads=4 +ub=4
litmus-tests/popl_bridging/Load buffering with acquire reads.lit	S16 executions=5 futures=3 outcomes=3 ub_kinds=1 future+registers=5 +memory=5 +reads=5 +ub=5 largest_future=3 within_future_max: registers+memory=3 +reads=3 +ub=3
litmus-tests/popl_bridging/ARM FADD.lit	S16 executions=79 futures=56 outcomes=21 ub_kinds=1 future+registers=79 +memory=79 +reads=79 +ub=79 largest_future=4 within_future_max: registers+memory=4 +reads=4 +ub=4
litmus-tests/popl_bridging/Load buffering with release writes.lit	S16 executions=16 futures=12 outcomes=8 ub_kinds=1 future+registers=16 +memory=16 +reads=16 +ub=16 largest_future=3 within_future_max: registers+memory=3 +reads=3 +ub=3
litmus-tests/popl_bridging/MP+rel+acq.lit	S16 executions=7 futures=4 outcomes=3 ub_kinds=1 future+registers=7 +memory=7 +reads=7 +ub=7 largest_future=3 within_future_max: registers+memory=3 +reads=3 +ub=3
litmus-tests/popl_bridging/PSC.lit	S16 executions=9 futures=4 outcomes=4 ub_kinds=1 future+registers=9 +memory=9 +reads=9 +ub=9 largest_future=4 within_future_max: registers+memory=4 +reads=4 +ub=4
litmus-tests/popl_bridging/RMW Atomicity.lit	S16 executions=11 futures=5 outcomes=5 ub_kinds=1 future+registers=11 +memory=11 +reads=11 +ub=11 largest_future=3 within_future_max: registers+memory=3 +reads=3 +ub=3
litmus-tests/popl_bubbly/LB+deps.lit	S16 executions=1 futures=1 outcomes=1 ub_kinds=1 future+registers=1 +memory=1 +reads=1 +ub=1 largest_future=1 within_future_max: registers+memory=1 +reads=1 +ub=1
litmus-tests/popl_bubbly/LB+false-deps.lit	S16 executions=12 futures=12 outcomes=5 ub_kinds=1 future+registers=12 +memory=12 +reads=12 +ub=12 largest_future=1 within_future_max: registers+memory=1 +reads=1 +ub=1
litmus-tests/popl_bubbly/LB.lit	S16 executions=45 futures=35 outcomes=17 ub_kinds=1 future+registers=45 +memory=45 +reads=45 +ub=45 largest_future=3 within_future_max: registers+memory=3 +reads=3 +ub=3
litmus-tests/popl_bridging/rfi is not always preserved.lit	S16 executions=94 futures=68 outcomes=21 ub_kinds=1 future+registers=94 +memory=94 +reads=94 +ub=94 largest_future=4 within_future_max: registers+memory=4 +reads=4 +ub=4
litmus-tests/popl_grounding/Coh.lit	S16 executions=9 futures=3 outcomes=3 ub_kinds=1 future+registers=9 +memory=9 +reads=9 +ub=9 largest_future=3 within_future_max: registers+memory=3 +reads=3 +ub=3
litmus-tests/popl_grounding/Coh-CYC (Soham).lit	S16 executions=15 futures=13 outcomes=6 ub_kinds=1 future+registers=15 +memory=15 +reads=15 +ub=15 largest_future=2 within_future_max: registers+memory=2 +reads=2 +ub=2
litmus-tests/popl_grounding/LBfd.lit	S16 executions=12 futures=12 outcomes=5 ub_kinds=1 future+registers=12 +memory=12 +reads=12 +ub=12 largest_future=1 within_future_max: registers+memory=1 +reads=1 +ub=1
litmus-tests/popl_grounding/Cwrites.lit	S16 executions=7 futures=7 outcomes=3 ub_kinds=1 future+registers=7 +memory=7 +reads=7 +ub=7 largest_future=1 within_future_max: registers+memory=1 +reads=1 +ub=1
litmus-tests/popl_grounding/LB.lit	S16 executions=12 futures=10 outcomes=5 ub_kinds=1 future+registers=12 +memory=12 +reads=12 +ub=12 largest_future=2 within_future_max: registers+memory=2 +reads=2 +ub=2
litmus-tests/popl_grounding/RNGb.lit	S16 executions=2 futures=2 outcomes=1 ub_kinds=1 future+registers=2 +memory=2 +reads=2 +ub=2 largest_future=1 within_future_max: registers+memory=1 +reads=1 +ub=1
litmus-tests/popl_promising/2+2W.lit	S16 executions=4 futures=1 outcomes=4 ub_kinds=1 future+registers=4 +memory=4 +reads=4 +ub=4 largest_future=4 within_future_max: registers+memory=4 +reads=4 +ub=4
litmus-tests/popl_promising/ARM-weak.lit	S16 executions=1 futures=1 outcomes=1 ub_kinds=1 future+registers=1 +memory=1 +reads=1 +ub=1 largest_future=1 within_future_max: registers+memory=1 +reads=1 +ub=1
litmus-tests/popl_grounding/RNG.lit	S16 executions=40 futures=21 outcomes=18 ub_kinds=1 future+registers=40 +memory=40 +reads=40 +ub=40 largest_future=6 within_future_max: registers+memory=6 +reads=6 +ub=6
litmus-tests/popl_promising/COH.lit	S16 executions=9 futures=3 outcomes=3 ub_kinds=1 future+registers=9 +memory=9 +reads=9 +ub=9 largest_future=3 within_future_max: registers+memory=3 +reads=3 +ub=3
litmus-tests/popl_promising/CYC.lit	S16 executions=1 futures=1 outcomes=1 ub_kinds=1 future+registers=1 +memory=1 +reads=1 +ub=1 largest_future=1 within_future_max: registers+memory=1 +reads=1 +ub=1
litmus-tests/popl_promising/LBaa/LBa'0.lit	S16 executions=2 futures=1 outcomes=2 ub_kinds=1 future+registers=2 +memory=2 +reads=2 +ub=2 largest_future=2 within_future_max: registers+memory=2 +reads=2 +ub=2
litmus-tests/popl_promising/LBaa/LBa'1.lit	S16 executions=3 futures=2 outcomes=2 ub_kinds=1 future+registers=3 +memory=3 +reads=3 +ub=3 largest_future=2 within_future_max: registers+memory=2 +reads=2 +ub=2
litmus-tests/popl_promising/LBa.lit	S16 executions=14 futures=10 outcomes=6 ub_kinds=1 future+registers=14 +memory=14 +reads=14 +ub=14 largest_future=3 within_future_max: registers+memory=3 +reads=3 +ub=3
litmus-tests/popl_promising/LBa'.lit	S16 executions=42 futures=22 outcomes=9 ub_kinds=1 future+registers=42 +memory=42 +reads=42 +ub=42 largest_future=6 within_future_max: registers+memory=6 +reads=6 +ub=6
litmus-tests/popl_promising/LBd.lit	S16 executions=45 futures=35 outcomes=17 ub_kinds=1 future+registers=45 +memory=45 +reads=45 +ub=45 largest_future=3 within_future_max: registers+memory=3 +reads=3 +ub=3
litmus-tests/popl_promising/LBfd.lit	S16 executions=31 futures=22 outcomes=11 ub_kinds=1 future+registers=31 +memory=31 +reads=31 +ub=31 largest_future=4 within_future_max: registers+memory=4 +reads=4 +ub=4
litmus-tests/popl_promising/LB.lit	S16 executions=31 futures=22 outcomes=11 ub_kinds=1 future+registers=31 +memory=31 +reads=31 +ub=31 largest_future=4 within_future_max: registers+memory=4 +reads=4 +ub=4
litmus-tests/popl_promising/LBr.lit	S16 executions=25 futures=20 outcomes=10 ub_kinds=1 future+registers=25 +memory=25 +reads=25 +ub=25 largest_future=3 within_future_max: registers+memory=3 +reads=3 +ub=3
litmus-tests/popl_promising/MP+fences.lit	S16 executions=7 futures=4 outcomes=3 ub_kinds=1 future+registers=7 +memory=7 +reads=7 +ub=7 largest_future=3 within_future_max: registers+memory=3 +reads=3 +ub=3
litmus-tests/popl_promising/Page 7 Column 1.lit	S16 executions=33 futures=8 outcomes=12 ub_kinds=1 future+registers=33 +memory=33 +reads=33 +ub=33 largest_future=12 within_future_max: registers+memory=12 +reads=12 +ub=12
litmus-tests/popl_promising/Par-Inc.lit	S16 executions=11 futures=8 outcomes=7 ub_kinds=1 future+registers=11 +memory=11 +reads=11 +ub=11 largest_future=2 within_future_max: registers+memory=2 +reads=2 +ub=2
litmus-tests/popl_promising/SB+fences.lit	S16 executions=8 futures=4 outcomes=3 ub_kinds=1 future+registers=8 +memory=8 +reads=8 +ub=8 largest_future=3 within_future_max: registers+memory=3 +reads=3 +ub=3
litmus-tests/popl_promising/SB.lit	S16 executions=9 futures=4 outcomes=4 ub_kinds=1 future+registers=9 +memory=9 +reads=9 +ub=9 largest_future=4 within_future_max: registers+memory=4 +reads=4 +ub=4
litmus-tests-promising/2+2W.lit	S16 executions=4 futures=1 outcomes=4 ub_kinds=1 future+registers=4 +memory=4 +reads=4 +ub=4 largest_future=4 within_future_max: registers+memory=4 +reads=4 +ub=4
litmus-tests-promising/ARM-weak.lit	S16 executions=1 futures=1 outcomes=1 ub_kinds=1 future+registers=1 +memory=1 +reads=1 +ub=1 largest_future=1 within_future_max: registers+memory=1 +reads=1 +ub=1
litmus-tests-promising/COH.lit	S16 executions=7 futures=3 outcomes=4 ub_kinds=1 future+registers=7 +memory=7 +reads=7 +ub=7 largest_future=3 within_future_max: registers+memory=3 +reads=3 +ub=3
litmus-tests-promising/CYC.lit	S16 executions=1 futures=1 outcomes=1 ub_kinds=1 future+registers=1 +memory=1 +reads=1 +ub=1 largest_future=1 within_future_max: registers+memory=1 +reads=1 +ub=1
litmus-tests-promising/Coh-CYC (Promising).lit	S16 executions=15 futures=13 outcomes=6 ub_kinds=1 future+registers=15 +memory=15 +reads=15 +ub=15 largest_future=2 within_future_max: registers+memory=2 +reads=2 +ub=2
litmus-tests-promising/LBaa/LBa'0.lit	S16 executions=2 futures=1 outcomes=2 ub_kinds=1 future+registers=2 +memory=2 +reads=2 +ub=2 largest_future=2 within_future_max: registers+memory=2 +reads=2 +ub=2
litmus-tests-promising/LBaa/LBa'1.lit	S16 executions=3 futures=2 outcomes=2 ub_kinds=1 future+registers=3 +memory=3 +reads=3 +ub=3 largest_future=2 within_future_max: registers+memory=2 +reads=2 +ub=2
litmus-tests-promising/LBa.lit	S16 executions=14 futures=10 outcomes=6 ub_kinds=1 future+registers=14 +memory=14 +reads=14 +ub=14 largest_future=3 within_future_max: registers+memory=3 +reads=3 +ub=3
litmus-tests-promising/LBa'.lit	S16 executions=42 futures=22 outcomes=9 ub_kinds=1 future+registers=42 +memory=42 +reads=42 +ub=42 largest_future=6 within_future_max: registers+memory=6 +reads=6 +ub=6
litmus-tests-promising/LBd.lit	S16 executions=45 futures=35 outcomes=17 ub_kinds=1 future+registers=45 +memory=45 +reads=45 +ub=45 largest_future=3 within_future_max: registers+memory=3 +reads=3 +ub=3
litmus-tests-promising/LBfd.lit	S16 executions=31 futures=22 outcomes=11 ub_kinds=1 future+registers=31 +memory=31 +reads=31 +ub=31 largest_future=4 within_future_max: registers+memory=4 +reads=4 +ub=4
litmus-tests-promising/LB.lit	S16 executions=31 futures=22 outcomes=11 ub_kinds=1 future+registers=31 +memory=31 +reads=31 +ub=31 largest_future=4 within_future_max: registers+memory=4 +reads=4 +ub=4
litmus-tests-promising/LBr.lit	S16 executions=25 futures=20 outcomes=10 ub_kinds=1 future+registers=25 +memory=25 +reads=25 +ub=25 largest_future=3 within_future_max: registers+memory=3 +reads=3 +ub=3
litmus-tests-promising/MP+fences.lit	S16 executions=9 futures=4 outcomes=4 ub_kinds=1 future+registers=9 +memory=9 +reads=9 +ub=9 largest_future=4 within_future_max: registers+memory=4 +reads=4 +ub=4
litmus-tests-promising/Page 7 Column 1.lit	S16 executions=33 futures=8 outcomes=12 ub_kinds=1 future+registers=33 +memory=33 +reads=33 +ub=33 largest_future=12 within_future_max: registers+memory=12 +reads=12 +ub=12
litmus-tests-promising/Par-Inc.lit	S16 executions=11 futures=8 outcomes=8 ub_kinds=1 future+registers=11 +memory=11 +reads=11 +ub=11 largest_future=2 within_future_max: registers+memory=2 +reads=2 +ub=2
litmus-tests-promising/Page 7 Column 1b.lit	S16 executions=111 futures=20 outcomes=33 ub_kinds=1 future+registers=111 +memory=111 +reads=111 +ub=111 largest_future=21 within_future_max: registers+memory=21 +reads=21 +ub=21
litmus-tests-promising/SB+fences.lit	S16 executions=9 futures=4 outcomes=4 ub_kinds=1 future+registers=9 +memory=9 +reads=9 +ub=9 largest_future=4 within_future_max: registers+memory=4 +reads=4 +ub=4
litmus-tests-promising/SB.lit	S16 executions=9 futures=4 outcomes=4 ub_kinds=1 future+registers=9 +memory=9 +reads=9 +ub=9 largest_future=4 within_future_max: registers+memory=4 +reads=4 +ub=4
litmus-tests/requests/0nONvMSw7 (MP).lit	S16 executions=9 futures=4 outcomes=4 ub_kinds=1 future+registers=9 +memory=9 +reads=9 +ub=9 largest_future=4 within_future_max: registers+memory=4 +reads=4 +ub=4
litmus-tests/requests/2zm8LRQsJ (LB).lit	S16 executions=25 futures=16 outcomes=9 ub_kinds=1 future+registers=25 +memory=25 +reads=25 +ub=25 largest_future=4 within_future_max: registers+memory=4 +reads=4 +ub=4
litmus-tests/requests/Aj1vSoVpE (MP).lit	S16 executions=9 futures=4 outcomes=4 ub_kinds=1 future+registers=9 +memory=9 +reads=9 +ub=9 largest_future=4 within_future_max: registers+memory=4 +reads=4 +ub=4
litmus-tests/requests/1MR_opBNP (2+2W with obs thread).lit	S16 executions=225 futures=9 outcomes=49 ub_kinds=1 future+registers=225 +memory=225 +reads=225 +ub=225 largest_future=49 within_future_max: registers+memory=49 +reads=49 +ub=49
litmus-tests/requests/leb0OUCUM (LB).lit	S16 executions=25 futures=16 outcomes=9 ub_kinds=1 future+registers=25 +memory=25 +reads=25 +ub=25 largest_future=4 within_future_max: registers+memory=4 +reads=4 +ub=4
litmus-tests/requests/oEk0xQtQy (CoWR).lit	S16 executions=27 futures=3 outcomes=13 ub_kinds=1 future+registers=27 +memory=27 +reads=27 +ub=27 largest_future=13 within_future_max: registers+memory=13 +reads=13 +ub=13
litmus-tests/requests/E8OKvIVLN (2+2W with obs thread).lit	S16 executions=225 futures=9 outcomes=49 ub_kinds=1 future+registers=225 +memory=225 +reads=225 +ub=225 largest_future=49 within_future_max: registers+memory=49 +reads=49 +ub=49
litmus-tests/requests/ptmsQeW4i (CoWR).lit	S16 executions=27 futures=3 outcomes=13 ub_kinds=1 future+registers=27 +memory=27 +reads=27 +ub=27 largest_future=13 within_future_max: registers+memory=13 +reads=13 +ub=13
litmus-tests-promising/Upd-Stuck.lit	S16 executions=341 futures=176 outcomes=88 ub_kinds=1 future+registers=341 +memory=341 +reads=341 +ub=341 largest_future=8 within_future_max: registers+memory=8 +reads=8 +ub=8
litmus-tests/requests/XXLpA6s8E (LB).lit	S16 executions=25 futures=16 outcomes=9 ub_kinds=1 future+registers=25 +memory=25 +reads=25 +ub=25 largest_future=4 within_future_max: registers+memory=4 +reads=4 +ub=4
litmus-tests/requests/ZcUmGBDR9 (MP).lit	S16 executions=9 futures=4 outcomes=4 ub_kinds=1 future+registers=9 +memory=9 +reads=9 +ub=9 largest_future=4 within_future_max: registers+memory=4 +reads=4 +ub=4
litmus-tests-review/on_thin_air_reads19/P5.lit	S16 executions=9 futures=5 outcomes=2 ub_kinds=1 future+registers=7 +memory=7 +reads=7 +ub=7 largest_future=3 within_future_max: registers+memory=2 +reads=2 +ub=2
litmus-tests-review/esop_problem/RRE.lit	S16 executions=17 futures=10 outcomes=8 ub_kinds=1 future+registers=17 +memory=17 +reads=17 +ub=17 largest_future=4 within_future_max: registers+memory=4 +reads=4 +ub=4
litmus-tests-review/popl_grounding/FADD.lit	S16 executions=108 futures=84 outcomes=30 ub_kinds=1 future+registers=108 +memory=108 +reads=108 +ub=108 largest_future=3 within_future_max: registers+memory=3 +reads=3 +ub=3
litmus-tests-review/popl_bridging/Preserving detour.lit	S16 executions=170 futures=71 outcomes=21 ub_kinds=1 future+registers=170 +memory=170 +reads=170 +ub=170 largest_future=6 within_future_max: registers+memory=6 +reads=6 +ub=6
litmus-tests-review/own/FWD-STRENGTHEN-LIFT.lit	S16 executions=28 futures=24 outcomes=10 ub_kinds=1 future+registers=28 +memory=28 +reads=28 +ub=28 largest_future=2 within_future_max: registers+memory=2 +reads=2 +ub=2
litmus-tests-review/rmm-zoo/properties/atomicity-mca/MP+fence+addr.lit	S16 executions=6 futures=2 outcomes=4 ub_kinds=1 future+registers=6 +memory=6 +reads=6 +ub=6 largest_future=4 within_future_max: registers+memory=4 +reads=4 +ub=4
litmus-tests-review/popl_promising/Page 7 Column 1b.lit	S16 executions=109 futures=20 outcomes=26 ub_kinds=1 future+registers=109 +memory=109 +reads=109 +ub=109 largest_future=16 within_future_max: registers+memory=16 +reads=16 +ub=16
litmus-tests-review/sevcik_thesis/Skip/LB+locks.lit	S16 executions=31 futures=22 outcomes=11 ub_kinds=1 future+registers=31 +memory=31 +reads=31 +ub=31 largest_future=4 within_future_max: registers+memory=4 +reads=4 +ub=4
litmus-tests/rmm-zoo/models/ra-sra-wra/2+2W+rel+acq.lit	S16 executions=12 futures=3 outcomes=4 ub_kinds=1 future+registers=12 +memory=12 +reads=12 +ub=12 largest_future=4 within_future_max: registers+memory=4 +reads=4 +ub=4
litmus-tests-review/symmrd/LB+UB+data+z.lit	S16 executions=89 futures=65 outcomes=21 ub_kinds=1 future+registers=89 +memory=89 +reads=89 +ub=89 largest_future=4 within_future_max: registers+memory=4 +reads=4 +ub=4
litmus-tests/rmm-zoo/models/ra-sra-wra/CAS-both+rel+acq.lit	S16 executions=3 futures=3 outcomes=3 ub_kinds=1 future+registers=3 +memory=3 +reads=3 +ub=3 largest_future=1 within_future_max: registers+memory=1 +reads=1 +ub=1
litmus-tests/rmm-zoo/models/ra-sra-wra/MP+rel+acq.lit	S16 executions=6 futures=2 outcomes=4 ub_kinds=1 future+registers=6 +memory=6 +reads=6 +ub=6 largest_future=4 within_future_max: registers+memory=4 +reads=4 +ub=4
litmus-tests/rmm-zoo/models/ra-sra-wra/Oscillating.lit	S16 executions=31 futures=3 outcomes=23 ub_kinds=1 future+registers=31 +memory=31 +reads=31 +ub=31 largest_future=15 within_future_max: registers+memory=15 +reads=15 +ub=15
litmus-tests/rmm-zoo/models/ra-sra-wra/SF.lit	S16 executions=12 futures=3 outcomes=8 ub_kinds=1 future+registers=12 +memory=12 +reads=12 +ub=12 largest_future=4 within_future_max: registers+memory=4 +reads=4 +ub=4
litmus-tests/rmm-zoo/models/ra-sra-wra/WW.lit	S16 executions=12 futures=3 outcomes=8 ub_kinds=1 future+registers=12 +memory=12 +reads=12 +ub=12 largest_future=4 within_future_max: registers+memory=4 +reads=4 +ub=4
litmus-tests/rmm-zoo/models/rc11-rc17/LB.lit	S16 executions=25 futures=16 outcomes=9 ub_kinds=1 future+registers=25 +memory=25 +reads=25 +ub=25 largest_future=4 within_future_max: registers+memory=4 +reads=4 +ub=4
litmus-tests-review/popl_promising/Upd-Stuck.lit	S16 executions=341 futures=176 outcomes=77 ub_kinds=1 future+registers=341 +memory=341 +reads=341 +ub=341 largest_future=8 within_future_max: registers+memory=8 +reads=8 +ub=8
litmus-tests/rmm-zoo/models/rc11-rc17/uaf-bug.lit	S16 executions=2 futures=2 outcomes=2 ub_kinds=1 future+registers=2 +memory=2 +reads=2 +ub=2 largest_future=1 within_future_max: registers+memory=1 +reads=1 +ub=1
litmus-tests/rmm-zoo/models/rc11-rc17/RS17.lit	S16 executions=77 futures=24 outcomes=13 ub_kinds=1 future+registers=77 +memory=77 +reads=77 +ub=77 largest_future=7 within_future_max: registers+memory=7 +reads=7 +ub=7
litmus-tests/rmm-zoo/models/sc-tso/IRIW.lit	S16 executions=25 futures=4 outcomes=16 ub_kinds=1 future+registers=25 +memory=25 +reads=25 +ub=25 largest_future=16 within_future_max: registers+memory=16 +reads=16 +ub=16
litmus-tests/rmm-zoo/models/sc-tso/SB+cas.lit	S16 executions=9 futures=4 outcomes=4 ub_kinds=1 future+registers=9 +memory=9 +reads=9 +ub=9 largest_future=4 within_future_max: registers+memory=4 +reads=4 +ub=4
litmus-tests/rmm-zoo/models/sc-tso/SB+fence.lit	S16 executions=9 futures=4 outcomes=4 ub_kinds=1 future+registers=9 +memory=9 +reads=9 +ub=9 largest_future=4 within_future_max: registers+memory=4 +reads=4 +ub=4
litmus-tests/rmm-zoo/models/sc-tso/SB+failed-cas.lit	S16 executions=9 futures=4 outcomes=4 ub_kinds=1 future+registers=9 +memory=9 +reads=9 +ub=9 largest_future=4 within_future_max: registers+memory=4 +reads=4 +ub=4
litmus-tests/rmm-zoo/models/sc-tso/SB+fences.lit	S16 executions=9 futures=4 outcomes=4 ub_kinds=1 future+registers=9 +memory=9 +reads=9 +ub=9 largest_future=4 within_future_max: registers+memory=4 +reads=4 +ub=4
litmus-tests/rmm-zoo/models/sc-tso/SB.lit	S16 executions=9 futures=4 outcomes=4 ub_kinds=1 future+registers=9 +memory=9 +reads=9 +ub=9 largest_future=4 within_future_max: registers+memory=4 +reads=4 +ub=4
litmus-tests/rmm-zoo/models/sessions/Monotonic-read.lit	S16 executions=5 futures=2 outcomes=5 ub_kinds=1 future+registers=5 +memory=5 +reads=5 +ub=5 largest_future=4 within_future_max: registers+memory=4 +reads=4 +ub=4
litmus-tests/rmm-zoo/models/steinke-nutt/Cross-own.lit	S16 executions=12 futures=3 outcomes=8 ub_kinds=1 future+registers=12 +memory=12 +reads=12 +ub=12 largest_future=4 within_future_max: registers+memory=4 +reads=4 +ub=4
litmus-tests/rmm-zoo/models/steinke-nutt/MP.lit	S16 executions=9 futures=4 outcomes=4 ub_kinds=1 future+registers=9 +memory=9 +reads=9 +ub=9 largest_future=4 within_future_max: registers+memory=4 +reads=4 +ub=4
litmus-tests/rmm-zoo/models/steinke-nutt/Revised-order.lit	S16 executions=12 futures=3 outcomes=8 ub_kinds=1 future+registers=12 +memory=12 +reads=12 +ub=12 largest_future=4 within_future_max: registers+memory=4 +reads=4 +ub=4
litmus-tests/rmm-zoo/models/steinke-nutt/Oscillating.lit	S16 executions=31 futures=3 outcomes=23 ub_kinds=1 future+registers=31 +memory=31 +reads=31 +ub=31 largest_future=15 within_future_max: registers+memory=15 +reads=15 +ub=15
litmus-tests/rmm-zoo/models/steinke-nutt/Writer-reversed.lit	S16 executions=15 futures=4 outcomes=15 ub_kinds=1 future+registers=15 +memory=15 +reads=15 +ub=15 largest_future=7 within_future_max: registers+memory=7 +reads=7 +ub=7
litmus-tests/rmm-zoo/models/steinke-nutt/WRC.lit	S16 executions=24 futures=8 outcomes=12 ub_kinds=1 future+registers=24 +memory=24 +reads=24 +ub=24 largest_future=8 within_future_max: registers+memory=8 +reads=8 +ub=8
litmus-tests/rmm-zoo/models/steinke-nutt/Readers-disagree.lit	S16 executions=81 futures=3 outcomes=65 ub_kinds=1 future+registers=81 +memory=81 +reads=81 +ub=81 largest_future=49 within_future_max: registers+memory=49 +reads=49 +ub=49
litmus-tests/rmm-zoo/properties/atomicity-mca/IRIW+addrs.lit	S16 executions=25 futures=4 outcomes=16 ub_kinds=1 future+registers=25 +memory=25 +reads=25 +ub=25 largest_future=16 within_future_max: registers+memory=16 +reads=16 +ub=16
litmus-tests/rmm-zoo/properties/atomicity-mca/IRIW+ctrls.lit	S16 executions=25 futures=9 outcomes=16 ub_kinds=1 future+registers=25 +memory=25 +reads=25 +ub=25 largest_future=4 within_future_max: registers+memory=4 +reads=4 +ub=4
litmus-tests/rmm-zoo/properties/atomicity-mca/IRIW+rlx.lit	S16 executions=25 futures=4 outcomes=16 ub_kinds=1 future+registers=25 +memory=25 +reads=25 +ub=25 largest_future=16 within_future_max: registers+memory=16 +reads=16 +ub=16
litmus-tests/rmm-zoo/properties/atomicity-mca/ISA2+data+addrs.lit	S16 executions=54 futures=22 outcomes=14 ub_kinds=1 future+registers=54 +memory=54 +reads=54 +ub=54 largest_future=8 within_future_max: registers+memory=8 +reads=8 +ub=8
litmus-tests/rmm-zoo/properties/atomicity-mca/IRIW+rel+acq.lit	S16 executions=24 futures=3 outcomes=16 ub_kinds=1 future+registers=24 +memory=24 +reads=24 +ub=24 largest_future=16 within_future_max: registers+memory=16 +reads=16 +ub=16
litmus-tests/rmm-zoo/properties/atomicity-mca/RWC+addr+fence.lit	S16 executions=15 futures=4 outcomes=8 ub_kinds=1 future+registers=15 +memory=15 +reads=15 +ub=15 largest_future=8 within_future_max: registers+memory=8 +reads=8 +ub=8
litmus-tests/rmm-zoo/properties/atomicity-mca/WRC+data+addr.lit	S16 executions=29 futures=11 outcomes=14 ub_kinds=1 future+registers=29 +memory=29 +reads=29 +ub=29 largest_future=8 within_future_max: registers+memory=8 +reads=8 +ub=8
litmus-tests/rmm-zoo/properties/atomicity-mca/WRC+rel+acq.lit	S16 executions=11 futures=3 outcomes=7 ub_kinds=1 future+registers=11 +memory=11 +reads=11 +ub=11 largest_future=7 within_future_max: registers+memory=7 +reads=7 +ub=7
litmus-tests/rmm-zoo/properties/atomicity-mca/WRC+rlx.lit	S16 executions=24 futures=8 outcomes=12 ub_kinds=1 future+registers=24 +memory=24 +reads=24 +ub=24 largest_future=8 within_future_max: registers+memory=8 +reads=8 +ub=8
litmus-tests/rmm-zoo/properties/elimination/load-store/opt.lit	S16 executions=2 futures=2 outcomes=1 ub_kinds=1 future+registers=2 +memory=2 +reads=2 +ub=2 largest_future=1 within_future_max: registers+memory=1 +reads=1 +ub=1
litmus-tests/rmm-zoo/properties/elimination/load-store/src.lit	S16 executions=8 futures=8 outcomes=3 ub_kinds=1 future+registers=8 +memory=8 +reads=8 +ub=8 largest_future=1 within_future_max: registers+memory=1 +reads=1 +ub=1
litmus-tests/rmm-zoo/properties/elimination/store-store/opt.lit	S16 executions=4 futures=4 outcomes=1 ub_kinds=1 future+registers=4 +memory=4 +reads=4 +ub=4 largest_future=1 within_future_max: registers+memory=1 +reads=1 +ub=1
litmus-tests/rmm-zoo/properties/elimination/store-store/src.lit	S16 executions=8 futures=8 outcomes=1 ub_kinds=1 future+registers=8 +memory=8 +reads=8 +ub=8 largest_future=1 within_future_max: registers+memory=1 +reads=1 +ub=1
litmus-tests/rmm-zoo/properties/global-transformations/register-promotion/opt.lit	S16 executions=8 futures=8 outcomes=1 ub_kinds=1 future+registers=8 +memory=8 +reads=8 +ub=8 largest_future=1 within_future_max: registers+memory=1 +reads=1 +ub=1
litmus-tests/rmm-zoo/properties/global-transformations/value-range/opt.lit	S16 executions=4 futures=4 outcomes=2 ub_kinds=1 future+registers=4 +memory=4 +reads=4 +ub=4 largest_future=1 within_future_max: registers+memory=1 +reads=1 +ub=1
litmus-tests/rmm-zoo/properties/global-transformations/value-range/src.lit	S16 executions=2 futures=2 outcomes=1 ub_kinds=1 future+registers=2 +memory=2 +reads=2 +ub=2 largest_future=1 within_future_max: registers+memory=1 +reads=1 +ub=1
litmus-tests/rmm-zoo/properties/local-transformations/inverse-roach-motel/opt.lit	S16 executions=10 futures=8 outcomes=3 ub_kinds=1 future+registers=10 +memory=10 +reads=10 +ub=10 largest_future=2 within_future_max: registers+memory=2 +reads=2 +ub=2
litmus-tests/rmm-zoo/properties/local-transformations/inverse-roach-motel/src.lit	S16 executions=10 futures=8 outcomes=3 ub_kinds=1 future+registers=10 +memory=10 +reads=10 +ub=10 largest_future=2 within_future_max: registers+memory=2 +reads=2 +ub=2
litmus-tests/rmm-zoo/properties/global-transformations/register-promotion/src.lit	S16 executions=24 futures=24 outcomes=4 ub_kinds=1 future+registers=24 +memory=24 +reads=24 +ub=24 largest_future=1 within_future_max: registers+memory=1 +reads=1 +ub=1
litmus-tests/rmm-zoo/properties/reasoning-guarantees/external-drf/MP+rel+acq-drf.lit	S16 executions=5 futures=2 outcomes=3 ub_kinds=1 future+registers=5 +memory=5 +reads=5 +ub=5 largest_future=3 within_future_max: registers+memory=3 +reads=3 +ub=3
litmus-tests/rmm-zoo/properties/reordering/load-load/opt.lit	S16 executions=1 futures=1 outcomes=1 ub_kinds=1 future+registers=1 +memory=1 +reads=1 +ub=1 largest_future=1 within_future_max: registers+memory=1 +reads=1 +ub=1
litmus-tests/rmm-zoo/properties/reordering/load-load/src.lit	S16 executions=1 futures=1 outcomes=1 ub_kinds=1 future+registers=1 +memory=1 +reads=1 +ub=1 largest_future=1 within_future_max: registers+memory=1 +reads=1 +ub=1
litmus-tests/rmm-zoo/properties/reordering/load-store/src.lit	S16 executions=4 futures=4 outcomes=2 ub_kinds=1 future+registers=4 +memory=4 +reads=4 +ub=4 largest_future=1 within_future_max: registers+memory=1 +reads=1 +ub=1
litmus-tests/rmm-zoo/properties/reordering/store-load/opt.lit	S16 executions=4 futures=4 outcomes=2 ub_kinds=1 future+registers=4 +memory=4 +reads=4 +ub=4 largest_future=1 within_future_max: registers+memory=1 +reads=1 +ub=1
litmus-tests/rmm-zoo/properties/reordering/load-store/opt.lit	S16 executions=8 futures=8 outcomes=4 ub_kinds=1 future+registers=8 +memory=8 +reads=8 +ub=8 largest_future=1 within_future_max: registers+memory=1 +reads=1 +ub=1
litmus-tests/rmm-zoo/properties/reordering/store-load/src.lit	S16 executions=8 futures=8 outcomes=4 ub_kinds=1 future+registers=8 +memory=8 +reads=8 +ub=8 largest_future=1 within_future_max: registers+memory=1 +reads=1 +ub=1
litmus-tests/rmw/cas_acqrel_failure_reorder.lit	S16 executions=6 futures=4 outcomes=4 ub_kinds=1 future+registers=6 +memory=6 +reads=6 +ub=6 largest_future=2 within_future_max: registers+memory=2 +reads=2 +ub=2
litmus-tests/rmm-zoo/properties/reordering/store-store/opt.lit	S16 executions=8 futures=8 outcomes=2 ub_kinds=1 future+registers=8 +memory=8 +reads=8 +ub=8 largest_future=1 within_future_max: registers+memory=1 +reads=1 +ub=1
litmus-tests/rmm-zoo/properties/reordering/store-store/src.lit	S16 executions=8 futures=8 outcomes=2 ub_kinds=1 future+registers=8 +memory=8 +reads=8 +ub=8 largest_future=1 within_future_max: registers+memory=1 +reads=1 +ub=1
litmus-tests/sevcik_thesis/Irrelevant Read Elimination/IREA.lit	S16 executions=1 futures=1 outcomes=1 ub_kinds=1 future+registers=1 +memory=1 +reads=1 +ub=1 largest_future=1 within_future_max: registers+memory=1 +reads=1 +ub=1
litmus-tests/sevcik_thesis/Irrelevant Read Elimination/IREB.lit	S16 executions=1 futures=1 outcomes=1 ub_kinds=1 future+registers=1 +memory=1 +reads=1 +ub=1 largest_future=1 within_future_max: registers+memory=1 +reads=1 +ub=1
litmus-tests/sevcik_thesis/Irrelevant Read Introduction (f1.5)/IRIA.lit	S16 executions=7 futures=7 outcomes=2 ub_kinds=1 future+registers=7 +memory=7 +reads=7 +ub=7 largest_future=1 within_future_max: registers+memory=1 +reads=1 +ub=1
litmus-tests/sevcik_thesis/Irrelevant Read Introduction (f1.5)/IRIB.lit	S16 executions=7 futures=7 outcomes=2 ub_kinds=1 future+registers=7 +memory=7 +reads=7 +ub=7 largest_future=1 within_future_max: registers+memory=1 +reads=1 +ub=1
litmus-tests/sevcik_thesis/Irrelevant Read Introduction (b).lit	S16 executions=36 futures=26 outcomes=11 ub_kinds=1 future+registers=36 +memory=36 +reads=36 +ub=36 largest_future=3 within_future_max: registers+memory=3 +reads=3 +ub=3
litmus-tests/sevcik_thesis/Irrelevant Read Introduction (f1.5)/IRIC.lit	S16 executions=7 futures=7 outcomes=2 ub_kinds=1 future+registers=7 +memory=7 +reads=7 +ub=7 largest_future=1 within_future_max: registers+memory=1 +reads=1 +ub=1
litmus-tests/sevcik_thesis/LB.lit	S16 executions=31 futures=22 outcomes=11 ub_kinds=1 future+registers=31 +memory=31 +reads=31 +ub=31 largest_future=4 within_future_max: registers+memory=4 +reads=4 +ub=4
litmus-tests/sevcik_thesis/MP.lit	S16 executions=28 futures=20 outcomes=6 ub_kinds=1 future+registers=28 +memory=28 +reads=28 +ub=28 largest_future=2 within_future_max: registers+memory=2 +reads=2 +ub=2
litmus-tests/sevcik_thesis/Irrelevant Read Introduction.lit	S16 executions=36 futures=26 outcomes=11 ub_kinds=1 future+registers=36 +memory=36 +reads=36 +ub=36 largest_future=3 within_future_max: registers+memory=3 +reads=3 +ub=3
litmus-tests/sevcik_thesis/Redundant Read after Read Elimination.lit	S16 executions=31 futures=25 outcomes=11 ub_kinds=1 future+registers=31 +memory=31 +reads=31 +ub=31 largest_future=3 within_future_max: registers+memory=3 +reads=3 +ub=3
litmus-tests/sevcik_thesis/Redundant Read Elimination (f1.4)/RRERA.lit	S16 executions=2 futures=2 outcomes=1 ub_kinds=1 future+registers=2 +memory=2 +reads=2 +ub=2 largest_future=1 within_future_max: registers+memory=1 +reads=1 +ub=1
litmus-tests/sevcik_thesis/Redundant Read Elimination (f1.4)/RRERB.lit	S16 executions=4 futures=4 outcomes=2 ub_kinds=1 future+registers=4 +memory=4 +reads=4 +ub=4 largest_future=1 within_future_max: registers+memory=1 +reads=1 +ub=1
litmus-tests/sevcik_thesis/Redundant Read Elimination (f1.4)/RREWA.lit	S16 executions=6 futures=6 outcomes=2 ub_kinds=1 future+registers=6 +memory=6 +reads=6 +ub=6 largest_future=1 within_future_max: registers+memory=1 +reads=1 +ub=1
litmus-tests/sevcik_thesis/Redundant Read Elimination (f1.4)/RREWB.lit	S16 executions=6 futures=6 outcomes=2 ub_kinds=1 future+registers=6 +memory=6 +reads=6 +ub=6 largest_future=1 within_future_max: registers+memory=1 +reads=1 +ub=1
litmus-tests/sevcik_thesis/Reordering (f1.3)/RA.lit	S16 executions=8 futures=8 outcomes=2 ub_kinds=1 future+registers=8 +memory=8 +reads=8 +ub=8 largest_future=1 within_future_max: registers+memory=1 +reads=1 +ub=1
litmus-tests/sevcik_thesis/Reordering (f1.3)/RB.lit	S16 executions=8 futures=8 outcomes=2 ub_kinds=1 future+registers=8 +memory=8 +reads=8 +ub=8 largest_future=1 within_future_max: registers+memory=1 +reads=1 +ub=1
litmus-tests/sevcik_thesis/Skip/Redundant Write after Read Elimination.lit	S16 executions=30 futures=10 outcomes=14 ub_kinds=1 future+registers=30 +memory=30 +reads=30 +ub=30 largest_future=7 within_future_max: registers+memory=7 +reads=7 +ub=7
litmus-tests/sevcik_thesis/Skip/Reordering with external actions.lit	S16 executions=8 futures=6 outcomes=5 ub_kinds=1 future+registers=8 +memory=8 +reads=8 +ub=8 largest_future=2 within_future_max: registers+memory=2 +reads=2 +ub=2
litmus-tests/sevcik_thesis/Trace Preserving Transformation (f1.2)/TPPA.lit	S16 executions=8 futures=8 outcomes=1 ub_kinds=1 future+registers=8 +memory=8 +reads=8 +ub=8 largest_future=1 within_future_max: registers+memory=1 +reads=1 +ub=1
litmus-tests/sevcik_thesis/Trace Preserving Transformation (f1.2)/TPPB.lit	S16 executions=4 futures=4 outcomes=1 ub_kinds=1 future+registers=4 +memory=4 +reads=4 +ub=4 largest_future=1 within_future_max: registers+memory=1 +reads=1 +ub=1
litmus-tests/single-thread-lift-tests/basic-lift.lit	S16 executions=2 futures=2 outcomes=1 ub_kinds=1 future+registers=2 +memory=2 +reads=2 +ub=2 largest_future=1 within_future_max: registers+memory=1 +reads=1 +ub=1
litmus-tests/single-thread-lift-tests/basic-not-lift.lit	S16 executions=2 futures=2 outcomes=2 ub_kinds=1 future+registers=2 +memory=2 +reads=2 +ub=2 largest_future=1 within_future_max: registers+memory=1 +reads=1 +ub=1
litmus-tests/sevcik_thesis/Roach Motel Semantics.lit	S16 executions=273 futures=171 outcomes=73 ub_kinds=1 future+registers=273 +memory=273 +reads=273 +ub=273 largest_future=6 within_future_max: registers+memory=6 +reads=6 +ub=6
litmus-tests/single-thread-lift-tests/lift-above-read-2.lit	S16 executions=4 futures=4 outcomes=3 ub_kinds=1 future+registers=4 +memory=4 +reads=4 +ub=4 largest_future=1 within_future_max: registers+memory=1 +reads=1 +ub=1
litmus-tests/single-thread-lift-tests/lift-above-read.lit	S16 executions=4 futures=4 outcomes=2 ub_kinds=1 future+registers=4 +memory=4 +reads=4 +ub=4 largest_future=1 within_future_max: registers+memory=1 +reads=1 +ub=1
litmus-tests/single-thread-lift-tests/lift-with-read-freezing.lit	S16 executions=6 futures=6 outcomes=3 ub_kinds=1 future+registers=6 +memory=6 +reads=6 +ub=6 largest_future=1 within_future_max: registers+memory=1 +reads=1 +ub=1
litmus-tests/single-thread-lift-tests/lift-with-write-freezing.lit	S16 executions=2 futures=2 outcomes=1 ub_kinds=1 future+registers=2 +memory=2 +reads=2 +ub=2 largest_future=1 within_future_max: registers+memory=1 +reads=1 +ub=1
litmus-tests/single-thread-lift-tests/lock-test.lit	S16 executions=6 futures=6 outcomes=3 ub_kinds=1 future+registers=6 +memory=6 +reads=6 +ub=6 largest_future=1 within_future_max: registers+memory=1 +reads=1 +ub=1
litmus-tests/single-thread-lift-tests/one-sided-lift.lit	S16 executions=3 futures=3 outcomes=3 ub_kinds=1 future+registers=3 +memory=3 +reads=3 +ub=3 largest_future=1 within_future_max: registers+memory=1 +reads=1 +ub=1
litmus-tests/single-thread-lift-tests/read-freezing.lit	S16 executions=7 futures=7 outcomes=7 ub_kinds=1 future+registers=7 +memory=7 +reads=7 +ub=7 largest_future=1 within_future_max: registers+memory=1 +reads=1 +ub=1
litmus-tests/single-thread-lift-tests/write-after-read-elim.lit	S16 executions=5 futures=5 outcomes=4 ub_kinds=1 future+registers=5 +memory=5 +reads=5 +ub=5 largest_future=1 within_future_max: registers+memory=1 +reads=1 +ub=1
litmus-tests/single-thread-lift-tests/write-before-lift.lit	S16 executions=4 futures=4 outcomes=1 ub_kinds=1 future+registers=4 +memory=4 +reads=4 +ub=4 largest_future=1 within_future_max: registers+memory=1 +reads=1 +ub=1
litmus-tests/single-thread-lift-tests/write-chain.lit	S16 executions=2 futures=2 outcomes=2 ub_kinds=1 future+registers=2 +memory=2 +reads=2 +ub=2 largest_future=1 within_future_max: registers+memory=1 +reads=1 +ub=1
litmus-tests/single-thread-lift-tests/write-freezing.lit	S16 executions=3 futures=3 outcomes=3 ub_kinds=1 future+registers=3 +memory=3 +reads=3 +ub=3 largest_future=1 within_future_max: registers+memory=1 +reads=1 +ub=1
litmus-tests/symmrd/LB+alias+data.lit	S16 executions=5 futures=4 outcomes=3 ub_kinds=1 future+registers=5 +memory=5 +reads=5 +ub=5 largest_future=2 within_future_max: registers+memory=2 +reads=2 +ub=2
litmus-tests/symmrd/LB+UB+data+arr.lit	S16 executions=37 futures=22 outcomes=13 ub_kinds=2 future+registers=37 +memory=37 +reads=37 +ub=37 largest_future=6 within_future_max: registers+memory=6 +reads=6 +ub=6
litmus-tests/symmrd/LB+UB+data-forbid.lit	S16 executions=31 futures=22 outcomes=11 ub_kinds=1 future+registers=31 +memory=31 +reads=31 +ub=31 largest_future=4 within_future_max: registers+memory=4 +reads=4 +ub=4
litmus-tests/symmrd/LB+UB+data.lit	S16 executions=31 futures=22 outcomes=11 ub_kinds=1 future+registers=31 +memory=31 +reads=31 +ub=31 largest_future=4 within_future_max: registers+memory=4 +reads=4 +ub=4
litmus-tests/symmrd/alignment.lit	S16 executions=3 futures=3 outcomes=2 ub_kinds=1 future+registers=3 +memory=3 +reads=3 +ub=3 largest_future=1 within_future_max: registers+memory=1 +reads=1 +ub=1
litmus-tests/symmrd/refinement/LB+UB+data.lit	S16 executions=27 futures=21 outcomes=12 ub_kinds=1 future+registers=27 +memory=27 +reads=27 +ub=27 largest_future=3 within_future_max: registers+memory=3 +reads=3 +ub=3
litmus-tests/symmrd/refinement/LB+UB+data+z.lit	S16 executions=81 futures=63 outcomes=20 ub_kinds=1 future+registers=81 +memory=81 +reads=81 +ub=81 largest_future=3 within_future_max: registers+memory=3 +reads=3 +ub=3
litmus-tests/symmrd/refinement/LB+UBoff+data.lit	S16 executions=27 futures=21 outcomes=12 ub_kinds=1 future+registers=27 +memory=27 +reads=27 +ub=27 largest_future=3 within_future_max: registers+memory=3 +reads=3 +ub=3
litmus-tests/symmrd/no-alignment.lit	S16 executions=2 futures=2 outcomes=2 ub_kinds=1 future+registers=2 +memory=2 +reads=2 +ub=2 largest_future=1 within_future_max: registers+memory=1 +reads=1 +ub=1
litmus-tests/test6/2+2W.lit	S16 executions=9 futures=9 outcomes=4 ub_kinds=1 future+registers=9 +memory=9 +reads=9 +ub=9 largest_future=1 within_future_max: registers+memory=1 +reads=1 +ub=1
litmus-tests/test6/3.2W.lit	S16 executions=27 futures=27 outcomes=8 ub_kinds=1 future+registers=27 +memory=27 +reads=27 +ub=27 largest_future=1 within_future_max: registers+memory=1 +reads=1 +ub=1
litmus-tests/test6/3.SB.lit	S16 executions=27 futures=8 outcomes=8 ub_kinds=1 future+registers=27 +memory=27 +reads=27 +ub=27 largest_future=8 within_future_max: registers+memory=8 +reads=8 +ub=8
litmus-tests/test6/3.LB.lit	S16 executions=125 futures=64 outcomes=27 ub_kinds=1 future+registers=125 +memory=125 +reads=125 +ub=125 largest_future=8 within_future_max: registers+memory=8 +reads=8 +ub=8
litmus-tests/test6/2+2W with obs thread.lit	S16 executions=225 futures=9 outcomes=49 ub_kinds=1 future+registers=225 +memory=225 +reads=225 +ub=225 largest_future=49 within_future_max: registers+memory=49 +reads=49 +ub=49
litmus-tests/test6/CoRR1.lit	S16 executions=4 futures=2 outcomes=3 ub_kinds=1 future+registers=4 +memory=4 +reads=4 +ub=4 largest_future=3 within_future_max: registers+memory=3 +reads=3 +ub=3
litmus-tests/test6/CoRW.lit	S16 executions=31 futures=5 outcomes=20 ub_kinds=1 future+registers=31 +memory=31 +reads=31 +ub=31 largest_future=13 within_future_max: registers+memory=13 +reads=13 +ub=13
litmus-tests/test6/CoWR.lit	S16 executions=27 futures=3 outcomes=13 ub_kinds=1 future+registers=27 +memory=27 +reads=27 +ub=27 largest_future=13 within_future_max: registers+memory=13 +reads=13 +ub=13
litmus-tests/test6/CoWW.lit	S16 executions=38 futures=8 outcomes=6 ub_kinds=1 future+registers=31 +memory=31 +reads=31 +ub=31 largest_future=10 within_future_max: registers+memory=6 +reads=6 +ub=6
litmus-tests/test6/IRIW.lit	S16 executions=25 futures=4 outcomes=16 ub_kinds=1 future+registers=25 +memory=25 +reads=25 +ub=25 largest_future=16 within_future_max: registers+memory=16 +reads=16 +ub=16
litmus-tests/test6/IRRWIW.lit	S16 executions=56 futures=12 outcomes=18 ub_kinds=1 future+registers=56 +memory=56 +reads=56 +ub=56 largest_future=12 within_future_max: registers+memory=12 +reads=12 +ub=12
litmus-tests/test6/ISA2+Fsc+Fsc.lit	S16 executions=17 futures=4 outcomes=11 ub_kinds=1 future+registers=17 +memory=17 +reads=17 +ub=17 largest_future=7 within_future_max: registers+memory=7 +reads=7 +ub=7
litmus-tests/test6/ISA2.lit	S16 executions=54 futures=22 outcomes=14 ub_kinds=1 future+registers=54 +memory=54 +reads=54 +ub=54 largest_future=8 within_future_max: registers+memory=8 +reads=8 +ub=8
litmus-tests/test6/IRWIW.lit	S16 executions=100 futures=36 outcomes=16 ub_kinds=1 future+registers=100 +memory=100 +reads=100 +ub=100 largest_future=9 within_future_max: registers+memory=9 +reads=9 +ub=9
litmus-tests/test6/LB.lit	S16 executions=25 futures=16 outcomes=9 ub_kinds=1 future+registers=25 +memory=25 +reads=25 +ub=25 largest_future=4 within_future_max: registers+memory=4 +reads=4 +ub=4
litmus-tests/test6/MP.lit	S16 executions=7 futures=4 outcomes=3 ub_kinds=1 future+registers=7 +memory=7 +reads=7 +ub=7 largest_future=3 within_future_max: registers+memory=3 +reads=3 +ub=3
litmus-tests/test6/PPO000-019.lit	S16 executions=30 futures=26 outcomes=6 ub_kinds=1 future+registers=30 +memory=30 +reads=30 +ub=30 largest_future=2 within_future_max: registers+memory=2 +reads=2 +ub=2
litmus-tests/test6/R.lit	S16 executions=9 futures=6 outcomes=2 ub_kinds=1 future+registers=9 +memory=9 +reads=9 +ub=9 largest_future=2 within_future_max: registers+memory=2 +reads=2 +ub=2
litmus-tests/test6/RWC.lit	S16 executions=15 futures=4 outcomes=8 ub_kinds=1 future+registers=15 +memory=15 +reads=15 +ub=15 largest_future=8 within_future_max: registers+memory=8 +reads=8 +ub=8
litmus-tests/test6/RW.lit	S16 executions=1 futures=1 outcomes=1 ub_kinds=1 future+registers=1 +memory=1 +reads=1 +ub=1 largest_future=1 within_future_max: registers+memory=1 +reads=1 +ub=1
litmus-tests/test6/SB.lit	S16 executions=9 futures=4 outcomes=4 ub_kinds=1 future+registers=9 +memory=9 +reads=9 +ub=9 largest_future=4 within_future_max: registers+memory=4 +reads=4 +ub=4
litmus-tests/test6/S.lit	S16 executions=15 futures=12 outcomes=3 ub_kinds=1 future+registers=15 +memory=15 +reads=15 +ub=15 largest_future=2 within_future_max: registers+memory=2 +reads=2 +ub=2
litmus-tests/test6/S with obs thread.lit	S16 executions=75 futures=12 outcomes=21 ub_kinds=1 future+registers=75 +memory=75 +reads=75 +ub=75 largest_future=14 within_future_max: registers+memory=14 +reads=14 +ub=14
litmus-tests/test6/W+RWC.lit	S16 executions=27 futures=8 outcomes=8 ub_kinds=1 future+registers=27 +memory=27 +reads=27 +ub=27 largest_future=8 within_future_max: registers+memory=8 +reads=8 +ub=8
litmus-tests/test6/WRC.lit	S16 executions=24 futures=8 outcomes=12 ub_kinds=1 future+registers=24 +memory=24 +reads=24 +ub=24 largest_future=8 within_future_max: registers+memory=8 +reads=8 +ub=8
litmus-tests/test6/WRR+2W.lit	S16 executions=21 futures=6 outcomes=6 ub_kinds=1 future+registers=21 +memory=21 +reads=21 +ub=21 largest_future=6 within_future_max: registers+memory=6 +reads=6 +ub=6
litmus-tests/test6/WRW+2W.lit	S16 executions=30 futures=18 outcomes=4 ub_kinds=1 future+registers=30 +memory=30 +reads=30 +ub=30 largest_future=3 within_future_max: registers+memory=3 +reads=3 +ub=3
litmus-tests/test6/WRW+WR.lit	S16 executions=24 futures=12 outcomes=6 ub_kinds=1 future+registers=24 +memory=24 +reads=24 +ub=24 largest_future=4 within_future_max: registers+memory=4 +reads=4 +ub=4
litmus-tests/test6/WWC.lit	S16 executions=50 futures=24 outcomes=12 ub_kinds=1 future+registers=50 +memory=50 +reads=50 +ub=50 largest_future=6 within_future_max: registers+memory=6 +reads=6 +ub=6
litmus-tests/test6/Z6.0.lit	S16 executions=45 futures=24 outcomes=6 ub_kinds=1 future+registers=45 +memory=45 +reads=45 +ub=45 largest_future=4 within_future_max: registers+memory=4 +reads=4 +ub=4
litmus-tests/test6/Z6.1.lit	S16 executions=45 futures=36 outcomes=3 ub_kinds=1 future+registers=45 +memory=45 +reads=45 +ub=45 largest_future=2 within_future_max: registers+memory=2 +reads=2 +ub=2
litmus-tests/test6/Z6.2.lit	S16 executions=75 futures=48 outcomes=9 ub_kinds=1 future+registers=75 +memory=75 +reads=75 +ub=75 largest_future=4 within_future_max: registers+memory=4 +reads=4 +ub=4
litmus-tests/test6/Z6.3.lit	S16 executions=27 futures=12 outcomes=4 ub_kinds=1 future+registers=27 +memory=27 +reads=27 +ub=27 largest_future=4 within_future_max: registers+memory=4 +reads=4 +ub=4
litmus-tests/test6/Z6.4.lit	S16 executions=45 futures=30 outcomes=2 ub_kinds=1 future+registers=45 +memory=45 +reads=45 +ub=45 largest_future=2 within_future_max: registers+memory=2 +reads=2 +ub=2
litmus-tests/test6/Z6.5.lit	S16 executions=27 futures=18 outcomes=2 ub_kinds=1 future+registers=27 +memory=27 +reads=27 +ub=27 largest_future=2 within_future_max: registers+memory=2 +reads=2 +ub=2
litmus-tests-cpp/models/cpp-release-sequences/mp-rs-add-est-atomic.lit	S16 executions=69 futures=22 outcomes=16 ub_kinds=1 future+registers=69 +memory=69 +reads=69 +ub=69 largest_future=7 within_future_max: registers+memory=7 +reads=7 +ub=7
litmus-tests-cpp/models/cpp-release-sequences/mp-rs-add-est.lit	S16 executions=69 futures=22 outcomes=16 ub_kinds=1 future+registers=69 +memory=69 +reads=69 +ub=69 largest_future=7 within_future_max: registers+memory=7 +reads=7 +ub=7
litmus-tests-cpp/models/cpp-release-sequences/mp-rs-add-eadd.lit	S16 executions=160 futures=42 outcomes=45 ub_kinds=1 future+registers=160 +memory=160 +reads=160 +ub=160 largest_future=11 within_future_max: registers+memory=11 +reads=11 +ub=11
litmus-tests-cpp/models/cpp-release-sequences/mp-rs-add.lit	S16 executions=29 futures=22 outcomes=8 ub_kinds=1 future+registers=29 +memory=29 +reads=29 +ub=29 largest_future=2 within_future_max: registers+memory=2 +reads=2 +ub=2
litmus-tests-cpp/models/cpp-release-sequences/mp-rs-eadd.lit	S16 executions=31 futures=14 outcomes=12 ub_kinds=1 future+registers=31 +memory=31 +reads=31 +ub=31 largest_future=5 within_future_max: registers+memory=5 +reads=5 +ub=5
litmus-tests-cpp/models/cpp-release-sequences/mp-rs-est.lit	S16 executions=16 futures=12 outcomes=7 ub_kinds=1 future+registers=16 +memory=16 +reads=16 +ub=16 largest_future=2 within_future_max: registers+memory=2 +reads=2 +ub=2
litmus-tests-cpp/models/cpp-release-sequences/mp-rs.lit	S16 executions=18 futures=14 outcomes=4 ub_kinds=1 future+registers=18 +memory=18 +reads=18 +ub=18 largest_future=2 within_future_max: registers+memory=2 +reads=2 +ub=2
litmus-tests-cpp/models/cpp-release-sequences/mp-rs-st-eadd-atomics.lit	S16 executions=98 futures=38 outcomes=26 ub_kinds=1 future+registers=98 +memory=98 +reads=98 +ub=98 largest_future=10 within_future_max: registers+memory=10 +reads=10 +ub=10
litmus-tests-cpp/models/cpp-release-sequences/mp-rs-add-st.lit	S16 executions=73 futures=44 outcomes=12 ub_kinds=1 future+registers=73 +memory=73 +reads=73 +ub=73 largest_future=4 within_future_max: registers+memory=4 +reads=4 +ub=4
litmus-tests-cpp/models/cpp-release-sequences/mp-rs-st-eadd.lit	S16 executions=95 futures=40 outcomes=24 ub_kinds=1 future+registers=95 +memory=95 +reads=95 +ub=95 largest_future=9 within_future_max: registers+memory=9 +reads=9 +ub=9
litmus-tests-cpp/models/cpp-release-sequences/mp-rs-st-est-atomics.lit	S16 executions=38 futures=24 outcomes=9 ub_kinds=1 future+registers=38 +memory=38 +reads=38 +ub=38 largest_future=3 within_future_max: registers+memory=3 +reads=3 +ub=3
litmus-tests-cpp/models/cpp-release-sequences/mp-rs-st-est.lit	S16 executions=38 futures=24 outcomes=9 ub_kinds=1 future+registers=38 +memory=38 +reads=38 +ub=38 largest_future=3 within_future_max: registers+memory=3 +reads=3 +ub=3
litmus-tests-cpp/models/cpp-release-sequences/mp-rs-strel.lit	S16 executions=16 futures=14 outcomes=3 ub_kinds=1 future+registers=16 +memory=16 +reads=16 +ub=16 largest_future=2 within_future_max: registers+memory=2 +reads=2 +ub=2
litmus-tests-cpp/models/cpp-release-sequences/RS+cpp20.lit	S16 executions=24 futures=8 outcomes=6 ub_kinds=1 future+registers=24 +memory=24 +reads=24 +ub=24 largest_future=6 within_future_max: registers+memory=6 +reads=6 +ub=6
litmus-tests-cpp/properties/atomicity-mca/IRIW+scfences.lit	S16 executions=25 futures=4 outcomes=16 ub_kinds=1 future+registers=25 +memory=25 +reads=25 +ub=25 largest_future=16 within_future_max: registers+memory=16 +reads=16 +ub=16
litmus-tests-cpp/properties/global-transformations/thread-inlining/opt.lit	S16 executions=9 futures=4 outcomes=4 ub_kinds=1 future+registers=9 +memory=9 +reads=9 +ub=9 largest_future=4 within_future_max: registers+memory=4 +reads=4 +ub=4
litmus-tests-cpp/properties/global-transformations/thread-inlining/src.lit	S16 executions=9 futures=4 outcomes=4 ub_kinds=1 future+registers=9 +memory=9 +reads=9 +ub=9 largest_future=4 within_future_max: registers+memory=4 +reads=4 +ub=4
litmus-tests-cpp/properties/reasoning-guarantees/external-drf/MP+rlx-race.lit	S16 executions=9 futures=4 outcomes=4 ub_kinds=1 future+registers=9 +memory=9 +reads=9 +ub=9 largest_future=4 within_future_max: registers+memory=4 +reads=4 +ub=4
litmus-tests-jmm/jctc/JCTC10.lit	S16 executions=15 futures=15 outcomes=4 ub_kinds=1 future+registers=15 +memory=15 +reads=15 +ub=15 largest_future=1 within_future_max: registers+memory=1 +reads=1 +ub=1
litmus-tests-jmm/jctc/JCTC13.lit	S16 executions=1 futures=1 outcomes=1 ub_kinds=1 future+registers=1 +memory=1 +reads=1 +ub=1 largest_future=1 within_future_max: registers+memory=1 +reads=1 +ub=1
litmus-tests-jmm/jctc/JCTC14.lit	S16 executions=2 futures=2 outcomes=1 ub_kinds=1 future+registers=2 +memory=2 +reads=2 +ub=2 largest_future=1 within_future_max: registers+memory=1 +reads=1 +ub=1
litmus-tests-jmm/jctc/JCTC15.lit	S16 executions=8 futures=8 outcomes=2 ub_kinds=1 future+registers=8 +memory=8 +reads=8 +ub=8 largest_future=1 within_future_max: registers+memory=1 +reads=1 +ub=1
litmus-tests-jmm/jctc/JCTC16.lit	S16 executions=12 futures=8 outcomes=9 ub_kinds=1 future+registers=12 +memory=12 +reads=12 +ub=12 largest_future=3 within_future_max: registers+memory=3 +reads=3 +ub=3
litmus-tests-jmm/jctc/JCTC17-left.lit	S16 executions=4 futures=4 outcomes=4 ub_kinds=1 future+registers=4 +memory=4 +reads=4 +ub=4 largest_future=1 within_future_max: registers+memory=1 +reads=1 +ub=1
litmus-tests-jmm/jctc/JCTC17.lit	S16 executions=37 futures=26 outcomes=19 ub_kinds=1 future+registers=37 +memory=37 +reads=37 +ub=37 largest_future=4 within_future_max: registers+memory=4 +reads=4 +ub=4
litmus-tests-jmm/jctc/JCTC17-smaller.lit	S16 executions=2 futures=2 outcomes=2 ub_kinds=1 future+registers=2 +memory=2 +reads=2 +ub=2 largest_future=1 within_future_max: registers+memory=1 +reads=1 +ub=1
litmus-tests-jmm/jctc/JCTC12.lit	S16 executions=100 futures=70 outcomes=20 ub_kinds=1 future+registers=100 +memory=100 +reads=100 +ub=100 largest_future=3 within_future_max: registers+memory=3 +reads=3 +ub=3
litmus-tests-jmm/jctc/JCTC18.lit	S16 executions=33 futures=22 outcomes=18 ub_kinds=1 future+registers=33 +memory=33 +reads=33 +ub=33 largest_future=4 within_future_max: registers+memory=4 +reads=4 +ub=4
litmus-tests-jmm/jctc/JCTC19.lit	S16 executions=19 futures=12 outcomes=10 ub_kinds=1 future+registers=19 +memory=19 +reads=19 +ub=19 largest_future=4 within_future_max: registers+memory=4 +reads=4 +ub=4
litmus-tests-jmm/jctc/JCTC1.lit	S16 executions=31 futures=22 outcomes=11 ub_kinds=1 future+registers=31 +memory=31 +reads=31 +ub=31 largest_future=4 within_future_max: registers+memory=4 +reads=4 +ub=4
litmus-tests-jmm/jctc/JCTC2.lit	S16 executions=17 futures=10 outcomes=8 ub_kinds=1 future+registers=17 +memory=17 +reads=17 +ub=17 largest_future=4 within_future_max: registers+memory=4 +reads=4 +ub=4
litmus-tests-jmm/jctc/JCTC20.lit	S16 executions=19 futures=12 outcomes=10 ub_kinds=1 future+registers=19 +memory=19 +reads=19 +ub=19 largest_future=4 within_future_max: registers+memory=4 +reads=4 +ub=4
litmus-tests-jmm/jctc/JCTC3.lit	S16 executions=51 futures=25 outcomes=21 ub_kinds=1 future+registers=51 +memory=51 +reads=51 +ub=51 largest_future=6 within_future_max: registers+memory=6 +reads=6 +ub=6
litmus-tests-jmm/jctc/JCTC4.lit	S16 executions=45 futures=35 outcomes=17 ub_kinds=1 future+registers=45 +memory=45 +reads=45 +ub=45 largest_future=3 within_future_max: registers+memory=3 +reads=3 +ub=3
litmus-tests-jmm/jctc/JCTC6.lit	S16 executions=3 futures=3 outcomes=2 ub_kinds=1 future+registers=3 +memory=3 +reads=3 +ub=3 largest_future=1 within_future_max: registers+memory=1 +reads=1 +ub=1
litmus-tests-jmm/jctc/JCTC7.lit	S16 executions=209 futures=130 outcomes=45 ub_kinds=1 future+registers=209 +memory=209 +reads=209 +ub=209 largest_future=8 within_future_max: registers+memory=8 +reads=8 +ub=8
litmus-tests-jmm/jctc/JCTC5.lit	S16 executions=592 futures=338 outcomes=93 ub_kinds=1 future+registers=592 +memory=592 +reads=592 +ub=592 largest_future=10 within_future_max: registers+memory=10 +reads=10 +ub=10
litmus-tests-jmm/jctc/JCTC8b.lit	S16 executions=31 futures=22 outcomes=11 ub_kinds=1 future+registers=31 +memory=31 +reads=31 +ub=31 largest_future=4 within_future_max: registers+memory=4 +reads=4 +ub=4
litmus-tests-jmm/jctc/JCTC8.lit	S16 executions=27 futures=21 outcomes=10 ub_kinds=1 future+registers=27 +memory=27 +reads=27 +ub=27 largest_future=3 within_future_max: registers+memory=3 +reads=3 +ub=3
litmus-tests-jmm/jctc/JCTC9b.lit	S16 executions=57 futures=35 outcomes=19 ub_kinds=1 future+registers=57 +memory=57 +reads=57 +ub=57 largest_future=5 within_future_max: registers+memory=5 +reads=5 +ub=5
litmus-tests-jmm/jctc/JCTC9.lit	S16 executions=57 futures=35 outcomes=19 ub_kinds=1 future+registers=57 +memory=57 +reads=57 +ub=57 largest_future=5 within_future_max: registers+memory=5 +reads=5 +ub=5
litmus-tests-jmm/jctc/JCTC11.lit	S16 executions=1447 futures=778 outcomes=189 ub_kinds=1 future+registers=1447 +memory=1447 +reads=1447 +ub=1447 largest_future=16 within_future_max: registers+memory=16 +reads=16 +ub=16
